,Name,Age,Annual_Income,Purchase_Car
0,Person_10,30,601896,Yes
1,Person_43,21,578480,Yes
2,Person_34,40,898376,Yes
3,Person_312,22,354162,No
4,Person_273,29,377738,No
5,Person_378,51,265726,No
6,Person_56,23,1326081,Yes
7,Person_269,38,359403,No
8,Person_246,20,427897,No
9,Person_114,20,1321567,Yes
10,Person_266,32,301642,No
11,Person_154,32,1279600,Yes
12,Person_77,34,316381,Yes
13,Person_203,52,274899,No
14,Person_279,30,288727,No
15,Person_272,35,316044,No
16,Person_94,47,887995,Yes
17,Person_16,41,1256731,Yes
18,Person_125,51,779036,Yes
19,Person_232,44,336744,No
20,Person_1,58,251663,Yes
21,Person_195,25,1268632,Yes
22,Person_368,52,281565,No
23,Person_182,38,1256884,Yes
24,Person_79,44,1399386,Yes
25,Person_132,58,680761,Yes
26,Person_127,51,1398838,Yes
27,Person_254,48,265726,No
28,Person_245,26,319777,No
29,Person_380,20,409334,No
30,Person_379,21,379622,No
31,Person_47,27,384423,Yes
32,Person_224,42,265726,No
33,Person_73,43,307450,Yes
34,Person_282,21,365105,No
35,Person_78,20,334508,Yes
36,Person_348,35,273779,No
37,Person_26,44,857409,Yes
38,Person_109,20,713758,Yes
39,Person_166,51,649395,Yes
40,Person_141,21,1280673,Yes
41,Person_321,42,289267,No
42,Person_91,52,1331565,Yes
43,Person_352,21,423236,No
44,Person_302,58,272401,No
45,Person_40,33,588215,Yes
46,Person_57,48,202869,Yes
47,Person_371,20,425158,No
48,Person_149,44,905086,Yes
49,Person_119,46,1424665,Yes
50,Person_117,33,1305534,Yes
51,Person_369,31,309177,No
52,Person_58,37,981474,Yes
53,Person_23,52,307512,Yes
54,Person_32,56,1441082,Yes
55,Person_83,20,1079611,Yes
56,Person_156,58,1318889,Yes
57,Person_319,31,321352,No
58,Person_74,45,371890,Yes
59,Person_31,22,317796,No
60,Person_181,20,1280793,Yes
61,Person_328,51,266447,No
62,Person_327,20,427897,No
63,Person_256,22,382792,No
64,Person_173,36,1343052,Yes
65,Person_138,26,648982,Yes
66,Person_6,58,1110681,Yes
67,Person_46,26,701157,Yes
68,Person_115,24,1252590,Yes
69,Person_238,38,301520,No
70,Person_370,32,293374,No
71,Person_376,35,346440,No
72,Person_111,56,1217703,Yes
73,Person_382,59,279688,No
74,Person_4,27,1382459,Yes
75,Person_19,49,754594,Yes
76,Person_95,26,611927,Yes
77,Person_339,37,292094,No
78,Person_292,27,378782,No
79,Person_64,50,1236685,Yes
80,Person_240,46,291140,No
81,Person_354,34,308784,No
82,Person_220,20,384811,No
83,Person_85,43,929903,Yes
84,Person_226,21,370048,No
85,Person_239,48,265726,No
86,Person_140,47,606619,Yes
87,Person_313,34,374085,No
88,Person_183,21,383062,Yes
89,Person_362,24,390201,No
90,Person_364,29,289889,No
91,Person_249,59,268230,No
92,Person_209,31,304840,No
93,Person_76,48,481974,Yes
94,Person_102,43,341564,Yes
95,Person_105,59,454079,Yes
96,Person_17,21,1025816,Yes
97,Person_67,33,1307447,Yes
98,Person_159,46,1362208,Yes
99,Person_8,42,858271,Yes
100,Person_20,57,347718,Yes
101,Person_288,49,271187,No
102,Person_346,33,297927,No
103,Person_340,23,414101,No
104,Person_387,21,310413,No
105,Person_177,42,1070045,Yes
106,Person_285,25,377946,No
107,Person_377,37,303219,No
108,Person_290,29,397134,No
109,Person_61,29,818467,Yes
110,Person_80,26,1040477,Yes
111,Person_278,44,265726,No
112,Person_133,34,1497286,Yes
113,Person_247,48,325543,No
114,Person_153,46,1174165,Yes
115,Person_110,54,1183609,Yes
116,Person_18,43,574705,Yes
117,Person_164,34,1171525,Yes
118,Person_25,41,573616,Yes
119,Person_176,47,1229225,Yes
120,Person_342,20,427897,No
121,Person_146,49,318834,Yes
122,Person_298,42,276202,No
123,Person_259,41,338273,No
124,Person_211,25,383527,No
125,Person_174,21,1482417,Yes
126,Person_318,39,296350,No
127,Person_386,41,265726,No
128,Person_142,25,1196161,Yes
129,Person_234,34,330134,No
130,Person_343,26,296298,No
131,Person_120,28,397392,No
132,Person_325,30,352227,No
133,Person_197,30,387628,Yes
134,Person_169,58,1460386,Yes
135,Person_158,27,661243,Yes
136,Person_300,50,271569,No
137,Person_37,37,898002,Yes
138,Person_284,28,411080,No
139,Person_151,52,255609,Yes
140,Person_385,58,265726,No
141,Person_229,25,349809,No
142,Person_60,53,836584,Yes
143,Person_112,33,645101,Yes
144,Person_178,56,422866,Yes
145,Person_168,31,662894,Yes
146,Person_7,38,342483,Yes
147,Person_281,27,362798,No
148,Person_286,41,265726,No
149,Person_11,43,284896,Yes
150,Person_250,29,296305,No
151,Person_104,54,318015,Yes
152,Person_82,43,1246811,Yes
153,Person_199,52,573632,Yes
154,Person_233,41,333562,No
155,Person_287,42,294528,No
156,Person_333,26,353285,No
157,Person_322,37,316803,No
158,Person_366,28,365490,No
159,Person_90,54,1136093,Yes
160,Person_193,24,729525,Yes
161,Person_148,47,1301497,Yes
162,Person_221,25,405636,No
163,Person_93,58,378274,Yes
164,Person_70,40,639430,Yes
165,Person_124,32,567654,Yes
166,Person_97,27,331373,Yes
167,Person_144,47,849150,Yes
168,Person_365,45,327978,No
169,Person_98,31,315294,Yes
170,Person_223,44,337995,No
171,Person_69,59,328391,Yes
172,Person_24,31,347443,Yes
173,Person_38,23,790978,Yes
174,Person_145,39,1478805,Yes
175,Person_123,45,698863,Yes
176,Person_68,42,1139903,Yes
177,Person_267,20,426826,No
178,Person_210,50,273796,No
179,Person_212,26,408816,No
180,Person_326,32,352706,No
181,Person_306,21,399494,No
182,Person_126,58,730089,Yes
183,Person_147,30,1342424,Yes
184,Person_228,59,265726,No
185,Person_87,36,1174339,Yes
186,Person_361,29,359794,No
187,Person_219,20,427897,No
188,Person_330,23,371410,No
189,Person_194,53,1232751,Yes
190,Person_251,22,419973,No
191,Person_295,55,276723,No
192,Person_184,45,594366,Yes
193,Person_196,41,376615,Yes
194,Person_276,32,327662,No
195,Person_204,28,390518,No
196,Person_275,36,319475,No
197,Person_130,56,864076,Yes
198,Person_39,44,1107317,Yes
199,Person_12,55,677095,Yes
200,Person_263,39,282552,No
201,Person_186,25,300235,Yes
202,Person_317,36,311042,No
203,Person_113,22,236631,Yes
204,Person_180,52,228251,Yes
205,Person_262,30,393156,No
206,Person_363,36,265726,No
207,Person_118,58,1330650,Yes
208,Person_359,46,329032,No
209,Person_350,39,286388,No
210,Person_375,21,390267,No
211,Person_372,20,394203,No
212,Person_353,22,404006,No
213,Person_165,51,389407,Yes
214,Person_351,58,265726,No
215,Person_137,51,1486125,Yes
216,Person_155,22,1225715,Yes
217,Person_200,28,1382991,Yes
218,Person_198,35,838836,Yes
219,Person_383,26,405510,No
220,Person_3,34,511955,Yes
221,Person_205,47,266654,No
222,Person_116,45,1266646,Yes
223,Person_367,54,265726,No
224,Person_230,48,317914,No
225,Person_27,46,886976,Yes
226,Person_121,34,358823,Yes
227,Person_299,21,410037,No
228,Person_225,22,329923,No
229,Person_235,39,357964,No
230,Person_308,22,427897,No
231,Person_336,35,314187,No
232,Person_128,23,435362,Yes
233,Person_75,44,638741,Yes
234,Person_315,34,286672,No
235,Person_30,34,1007364,Yes
236,Person_84,27,1420412,Yes
237,Person_323,33,310400,No
238,Person_108,54,888105,Yes
239,Person_335,21,424357,No
240,Person_248,27,386447,No
241,Person_134,48,420984,Yes
242,Person_185,51,944840,Yes
243,Person_283,39,355334,No
244,Person_45,47,991971,Yes
245,Person_358,35,303007,No
246,Person_66,27,680047,Yes
247,Person_293,24,351799,No
248,Person_86,30,245714,Yes
249,Person_243,21,401512,No
250,Person_187,51,1323316,Yes
251,Person_71,35,1217026,Yes
252,Person_160,28,1197639,Yes
253,Person_13,59,271295,No
254,Person_36,58,580002,Yes
255,Person_29,35,1244107,Yes
256,Person_171,22,927975,Yes
257,Person_143,47,866326,Yes
258,Person_311,27,401190,No
259,Person_338,24,356846,No
260,Person_222,48,287003,No
261,Person_96,28,989852,Yes
262,Person_52,59,967836,Yes
263,Person_241,30,298432,No
264,Person_291,34,344499,No
265,Person_297,47,265726,No
266,Person_179,51,1335248,Yes
267,Person_42,45,868234,Yes
268,Person_303,37,358745,No
269,Person_207,29,400316,No
270,Person_255,49,310370,No
271,Person_324,28,374490,No
272,Person_5,40,312547,Yes
273,Person_257,37,280429,No
274,Person_389,42,270116,No
275,Person_101,42,265726,No
276,Person_227,23,345592,No
277,Person_334,36,292116,No
278,Person_214,27,394835,No
279,Person_172,56,273523,Yes
280,Person_99,53,1235362,Yes
281,Person_216,33,331163,No
282,Person_62,55,1338848,Yes
283,Person_48,54,716349,Yes
284,Person_33,26,1190198,Yes
285,Person_268,55,271968,No
286,Person_201,43,346492,No
287,Person_347,35,315811,No
288,Person_28,47,575037,Yes
289,Person_305,27,386382,No
290,Person_231,51,270445,No
291,Person_261,20,351937,No
292,Person_289,30,380886,No
293,Person_163,43,1204646,Yes
294,Person_332,42,342140,No
295,Person_139,41,1372622,Yes
296,Person_63,33,238467,Yes
297,Person_136,32,801863,Yes
298,Person_129,49,997079,Yes
299,Person_9,30,414835,Yes
300,Person_65,34,1077844,Yes
301,Person_301,21,351471,No
302,Person_15,22,1087121,Yes
303,Person_157,25,384078,Yes
304,Person_41,28,521184,Yes
305,Person_357,23,396170,No
306,Person_341,47,329553,No
307,Person_217,36,333673,No
308,Person_280,23,331654,No
309,Person_337,47,323234,No
310,Person_237,41,265726,No
311,Person_208,51,265726,No
312,Person_213,27,375339,No
313,Person_296,52,287703,No
314,Person_355,25,388694,No
315,Person_252,46,329346,No
316,Person_381,51,277564,No
317,Person_356,42,342869,No
318,Person_304,48,265726,No
319,Person_270,21,367373,No
320,Person_202,30,305286,No
321,Person_162,52,203051,Yes
322,Person_44,39,232711,Yes
323,Person_218,46,328025,No
324,Person_191,57,1243233,Yes
325,Person_310,59,285061,No
326,Person_260,42,275373,No
327,Person_106,41,750929,Yes
328,Person_54,21,902335,Yes
329,Person_2,48,1264284,Yes
330,Person_50,36,1024792,Yes
331,Person_81,28,560032,Yes
332,Person_206,42,344114,No
333,Person_35,28,469544,Yes
334,Person_264,34,275109,No
335,Person_92,24,1029957,Yes
336,Person_53,23,1186001,Yes
337,Person_265,20,424951,No
338,Person_242,48,274787,No
339,Person_14,43,943974,Yes
340,Person_316,26,383810,No
341,Person_89,54,324123,Yes
342,Person_274,20,424125,No
343,Person_167,43,1149597,Yes
344,Person_329,37,319280,No
345,Person_384,39,267911,No
346,Person_135,55,464512,Yes
347,Person_307,34,304525,No
348,Person_374,36,304556,No
349,Person_320,23,350935,No
350,Person_244,21,398012,No
351,Person_55,25,1007789,Yes
352,Person_51,55,333272,Yes
353,Person_175,21,1003451,Yes
354,Person_190,36,1003328,Yes
355,Person_388,23,308675,No
356,Person_188,23,578496,Yes
357,Person_170,21,1157238,Yes
358,Person_59,45,654351,Yes
359,Person_49,33,1112495,Yes
360,Person_345,50,276777,No
361,Person_236,33,283554,No
362,Person_253,39,340440,No
363,Person_22,40,1208239,Yes
364,Person_314,25,364701,No
365,Person_161,56,451451,Yes
366,Person_277,26,361284,No
367,Person_192,43,377247,Yes
368,Person_294,38,367282,No
369,Person_344,21,310686,No
370,Person_258,36,365986,No
371,Person_309,37,291975,No
372,Person_150,58,484821,Yes
373,Person_131,42,419963,Yes
374,Person_152,20,427897,No
375,Person_360,20,381156,No
376,Person_100,52,848307,Yes
377,Person_373,30,301510,No
378,Person_88,27,830271,Yes
379,Person_331,45,327749,No
380,Person_215,42,277686,No
381,Person_122,34,1223904,Yes
382,Person_390,31,312453,No
383,Person_21,21,845263,Yes
384,Person_189,30,950201,Yes
385,Person_72,37,456687,Yes
386,Person_107,46,889944,Yes
387,Person_271,57,286320,No
388,Person_349,24,415140,No
389,Person_103,56,468246,Yes
